{
  "Total" : {
    "transaction" : "Total",
    "sampleCount" : 201467,
    "errorCount" : 201467,
    "errorPct" : 100.0,
    "meanResTime" : 33.743570907394066,
    "medianResTime" : 97.0,
    "minResTime" : 3.0,
    "maxResTime" : 22172.0,
    "pct1ResTime" : 459.0,
    "pct2ResTime" : 524.0,
    "pct3ResTime" : 1668.9900000000016,
    "throughput" : 2756.687601767853,
    "receivedKBytesPerSec" : 3131.6226472597937,
    "sentKBytesPerSec" : 893.7698083856711
  },
  "GET_protected" : {
    "transaction" : "GET_protected",
    "sampleCount" : 201467,
    "errorCount" : 201467,
    "errorPct" : 100.0,
    "meanResTime" : 33.743570907394066,
    "medianResTime" : 97.0,
    "minResTime" : 3.0,
    "maxResTime" : 22172.0,
    "pct1ResTime" : 459.0,
    "pct2ResTime" : 524.0,
    "pct3ResTime" : 1668.9900000000016,
    "throughput" : 2756.687601767853,
    "receivedKBytesPerSec" : 3131.6226472597937,
    "sentKBytesPerSec" : 893.7698083856711
  }
}