{
  "Total" : {
    "transaction" : "Total",
    "sampleCount" : 34193,
    "errorCount" : 34193,
    "errorPct" : 100.0,
    "meanResTime" : 197.17486035153587,
    "medianResTime" : 195.0,
    "minResTime" : 190.0,
    "maxResTime" : 1159.0,
    "pct1ResTime" : 198.0,
    "pct2ResTime" : 199.0,
    "pct3ResTime" : 201.0,
    "throughput" : 569.1055557404881,
    "receivedKBytesPerSec" : 154.50326610923403,
    "sentKBytesPerSec" : 184.51469190023633
  },
  "GET_protected" : {
    "transaction" : "GET_protected",
    "sampleCount" : 34193,
    "errorCount" : 34193,
    "errorPct" : 100.0,
    "meanResTime" : 197.17486035153587,
    "medianResTime" : 195.0,
    "minResTime" : 190.0,
    "maxResTime" : 1159.0,
    "pct1ResTime" : 198.0,
    "pct2ResTime" : 199.0,
    "pct3ResTime" : 201.0,
    "throughput" : 569.1055557404881,
    "receivedKBytesPerSec" : 154.50326610923403,
    "sentKBytesPerSec" : 184.51469190023633
  }
}