{
  "Total" : {
    "transaction" : "Total",
    "sampleCount" : 7161,
    "errorCount" : 0,
    "errorPct" : 0.0,
    "meanResTime" : 951.6419494484002,
    "medianResTime" : 1177.0,
    "minResTime" : 207.0,
    "maxResTime" : 1598.0,
    "pct1ResTime" : 1237.0,
    "pct2ResTime" : 1255.0,
    "pct3ResTime" : 1288.0,
    "throughput" : 117.38574519703626,
    "receivedKBytesPerSec" : 1830.0254260991082,
    "sentKBytesPerSec" : 40.4659844282752
  },
  "GET_images_small" : {
    "transaction" : "GET_images_small",
    "sampleCount" : 7161,
    "errorCount" : 0,
    "errorPct" : 0.0,
    "meanResTime" : 951.6419494484002,
    "medianResTime" : 1177.0,
    "minResTime" : 207.0,
    "maxResTime" : 1598.0,
    "pct1ResTime" : 1237.0,
    "pct2ResTime" : 1255.0,
    "pct3ResTime" : 1288.0,
    "throughput" : 117.38574519703626,
    "receivedKBytesPerSec" : 1830.0254260991082,
    "sentKBytesPerSec" : 40.4659844282752
  }
}