{
  "Total" : {
    "transaction" : "Total",
    "sampleCount" : 309986,
    "errorCount" : 0,
    "errorPct" : 0.0,
    "meanResTime" : 21.789690502151714,
    "medianResTime" : 13.0,
    "minResTime" : 6.0,
    "maxResTime" : 20014.0,
    "pct1ResTime" : 23.0,
    "pct2ResTime" : 30.0,
    "pct3ResTime" : 396.9700000000048,
    "throughput" : 4254.134244582596,
    "receivedKBytesPerSec" : 60000.271202584845,
    "sentKBytesPerSec" : 1466.5130745484923
  },
  "GET_images_small" : {
    "transaction" : "GET_images_small",
    "sampleCount" : 309986,
    "errorCount" : 0,
    "errorPct" : 0.0,
    "meanResTime" : 21.789690502151714,
    "medianResTime" : 13.0,
    "minResTime" : 6.0,
    "maxResTime" : 20014.0,
    "pct1ResTime" : 23.0,
    "pct2ResTime" : 30.0,
    "pct3ResTime" : 396.9700000000048,
    "throughput" : 4254.134244582596,
    "receivedKBytesPerSec" : 60000.271202584845,
    "sentKBytesPerSec" : 1466.5130745484923
  }
}