Label,# Samples,Average,Median,90% Line,95% Line,99% Line,Min,Max,Error %,Throughput,Received KB/sec,Sent KB/sec
GET_images_small,8892,508,553,814,1242,1768,45,8598,0.000%,146.76900,2054.01,50.45
TOTAL,8892,508,553,814,1242,1768,45,8598,0.000%,146.76900,2054.01,50.45
