{
  "Total" : {
    "transaction" : "Total",
    "sampleCount" : 33980,
    "errorCount" : 0,
    "errorPct" : 0.0,
    "meanResTime" : 198.47392583872818,
    "medianResTime" : 196.0,
    "minResTime" : 190.0,
    "maxResTime" : 1066.0,
    "pct1ResTime" : 200.0,
    "pct2ResTime" : 203.0,
    "pct3ResTime" : 211.0,
    "throughput" : 565.5980558607145,
    "receivedKBytesPerSec" : 191.1102805935617,
    "sentKBytesPerSec" : 183.92983652501746
  },
  "GET_protected_authenticated" : {
    "transaction" : "GET_protected_authenticated",
    "sampleCount" : 33980,
    "errorCount" : 0,
    "errorPct" : 0.0,
    "meanResTime" : 198.47392583872818,
    "medianResTime" : 196.0,
    "minResTime" : 190.0,
    "maxResTime" : 1066.0,
    "pct1ResTime" : 200.0,
    "pct2ResTime" : 203.0,
    "pct3ResTime" : 211.0,
    "throughput" : 565.5980558607145,
    "receivedKBytesPerSec" : 191.1102805935617,
    "sentKBytesPerSec" : 183.92983652501746
  }
}