scenario,mean_ms,std_ms,p50_ms,p95_ms,p99_ms
no-cdn,113.17376666666664,15.869611251965368,110.5645,139.68915,140.82331
cdn,67.51236666666667,30.599935109783946,62.158500000000004,116.2510499999999,172.07977000000005
