scenario,mean_ms,std_ms,p50_ms,p95_ms,p99_ms
no-cdn,321.65353333333337,22.625627571762333,320.593,351.80465,364.53056
cdn,252.00513333333328,126.36096521793904,203.5685,541.3566999999999,646.9018100000001
