scenario,mean_ms,std_ms,p50_ms,p95_ms,p99_ms
no-cdn,321.50763333333333,22.63752964541685,320.461,351.68495,364.38917
cdn,212.11043333333333,38.17250898557786,200.1465,275.6309,311.99061
